item,participante,prime,SOA,tempo,resposta
item_01,S_01,relacionado,curto,688.081982,correct
item_02,S_01,relacionado,curto,694.6091113,correct
item_03,S_01,relacionado,curto,499.6527571,incorrect
item_04,S_01,relacionado,curto,585.7681475,correct
item_05,S_01,relacionado,curto,480.8824603,correct
item_06,S_01,relacionado,curto,492.452992,incorrect
item_07,S_01,relacionado,curto,742.2370015,correct
item_08,S_01,relacionado,curto,2184.24107,correct
item_09,S_01,relacionado,curto,546.7259904,correct
item_10,S_01,relacionado,curto,482.6878294,correct
item_11,S_01,relacionado,curto,595.8065876,correct
item_12,S_01,relacionado,curto,447.1501388,correct
item_13,S_01,relacionado,curto,490.4992078,incorrect
item_14,S_01,relacionado,curto,514.0216754,correct
item_15,S_01,relacionado,curto,571.3591789,correct
item_01,S_02,relacionado,curto,448.8618723,correct
item_02,S_02,relacionado,curto,692.9102021,correct
item_03,S_02,relacionado,curto,696.4423455,correct
item_04,S_02,relacionado,curto,564.0466094,correct
item_05,S_02,relacionado,curto,462.0242027,correct
item_06,S_02,relacionado,curto,442.2120254,correct
item_07,S_02,relacionado,curto,475.4382968,correct
item_08,S_02,relacionado,curto,609.1623584,correct
item_09,S_02,relacionado,curto,570.8820589,correct
item_10,S_02,relacionado,curto,627.7095921,correct
item_11,S_02,relacionado,curto,571.7480975,correct
item_12,S_02,relacionado,curto,718.6138725,correct
item_13,S_02,relacionado,curto,370.8304533,correct
item_14,S_02,relacionado,curto,536.6302781,correct
item_15,S_02,relacionado,curto,534.0248863,correct
item_01,S_03,relacionado,curto,692.3056159,correct
item_02,S_03,relacionado,curto,422.4690149,correct
item_03,S_03,relacionado,curto,622.1294502,correct
item_04,S_03,relacionado,curto,722.2869269,correct
item_05,S_03,relacionado,curto,602.1465702,correct
item_06,S_03,relacionado,curto,605.6245792,correct
item_07,S_03,relacionado,curto,569.4575748,correct
item_08,S_03,relacionado,curto,570.7302053,correct
item_09,S_03,relacionado,curto,412.2916753,correct
item_10,S_03,relacionado,curto,430.33498,correct
item_11,S_03,relacionado,curto,473.9352933,correct
item_12,S_03,relacionado,curto,599.157574,correct
item_13,S_03,relacionado,curto,502.8713628,correct
item_14,S_03,relacionado,curto,445.6499687,correct
item_15,S_03,relacionado,curto,422.5311926,correct
item_01,S_04,relacionado,curto,588.7741023,correct
item_02,S_04,relacionado,curto,165.0670871,correct
item_03,S_04,relacionado,curto,555.1726169,correct
item_04,S_04,relacionado,curto,707.7438747,correct
item_05,S_04,relacionado,curto,579.9497245,correct
item_06,S_04,relacionado,curto,443.9955486,correct
item_07,S_04,relacionado,curto,586.5662414,correct
item_08,S_04,relacionado,curto,618.1042851,correct
item_09,S_04,relacionado,curto,548.8944119,correct
item_10,S_04,relacionado,curto,396.3142415,correct
item_11,S_04,relacionado,curto,569.8539398,correct
item_12,S_04,relacionado,curto,478.6715164,correct
item_13,S_04,relacionado,curto,391.6953628,correct
item_14,S_04,relacionado,curto,731.3253255,correct
item_15,S_04,relacionado,curto,664.8941936,correct
item_01,S_05,relacionado,curto,631.5264307,correct
item_02,S_05,relacionado,curto,775.630843,correct
item_03,S_05,relacionado,curto,735.0932725,correct
item_04,S_05,relacionado,curto,758.0991701,correct
item_05,S_05,relacionado,curto,689.1927825,correct
item_06,S_05,relacionado,curto,670.3791518,correct
item_07,S_05,relacionado,curto,587.3579709,correct
item_08,S_05,relacionado,curto,651.4117186,correct
item_09,S_05,relacionado,curto,828.0740856,correct
item_10,S_05,relacionado,curto,804.1738685,correct
item_11,S_05,relacionado,curto,737.8366545,correct
item_12,S_05,relacionado,curto,553.3508966,correct
item_13,S_05,relacionado,curto,796.9631029,correct
item_14,S_05,relacionado,curto,509.2336294,correct
item_15,S_05,relacionado,curto,662.8811635,correct
item_46,S_06,relacionado,curto,681.3933484,correct
item_47,S_06,relacionado,curto,604.9832483,correct
item_48,S_06,relacionado,curto,623.158963,correct
item_49,S_06,relacionado,curto,672.2782338,correct
item_50,S_06,relacionado,curto,577.6443369,correct
item_51,S_06,relacionado,curto,568.3922646,correct
item_52,S_06,relacionado,curto,571.265801,correct
item_53,S_06,relacionado,curto,563.810614,correct
item_54,S_06,relacionado,curto,777.3917084,correct
item_55,S_06,relacionado,curto,815.9240793,correct
item_56,S_06,relacionado,curto,746.9116395,correct
item_57,S_06,relacionado,curto,754.6351443,correct
item_58,S_06,relacionado,curto,739.6175928,correct
item_59,S_06,relacionado,curto,599.9797315,correct
item_60,S_06,relacionado,curto,689.2680119,correct
item_46,S_07,relacionado,curto,674.7495187,correct
item_47,S_07,relacionado,curto,696.6694641,correct
item_48,S_07,relacionado,curto,617.8397077,correct
item_49,S_07,relacionado,curto,794.0936507,correct
item_50,S_07,relacionado,curto,621.9046723,correct
item_51,S_07,relacionado,curto,767.6999695,correct
item_52,S_07,relacionado,curto,809.3664848,correct
item_53,S_07,relacionado,curto,608.892088,correct
item_54,S_07,relacionado,curto,464.4878302,correct
item_55,S_07,relacionado,curto,500.6166252,correct
item_56,S_07,relacionado,curto,486.1587753,correct
item_57,S_07,relacionado,curto,520.2942916,correct
item_58,S_07,relacionado,curto,575.2752745,correct
item_59,S_07,relacionado,curto,811.2903824,correct
item_60,S_07,relacionado,curto,584.7716359,correct
item_46,S_08,relacionado,curto,638.8407255,correct
item_47,S_08,relacionado,curto,557.315439,correct
item_48,S_08,relacionado,curto,704.271262,correct
item_49,S_08,relacionado,curto,798.6122075,correct
item_50,S_08,relacionado,curto,812.4688887,correct
item_51,S_08,relacionado,curto,678.4228536,correct
item_52,S_08,relacionado,curto,636.075044,correct
item_53,S_08,relacionado,curto,909.3379819,correct
item_54,S_08,relacionado,curto,635.1073599,correct
item_55,S_08,relacionado,curto,697.6010578,correct
item_56,S_08,relacionado,curto,597.7377222,correct
item_57,S_08,relacionado,curto,751.6002862,correct
item_58,S_08,relacionado,curto,694.509569,correct
item_59,S_08,relacionado,curto,823.0263909,correct
item_60,S_08,relacionado,curto,933.3674517,correct
item_46,S_09,relacionado,curto,797.8215556,correct
item_47,S_09,relacionado,curto,733.9722188,correct
item_48,S_09,relacionado,curto,852.5975528,correct
item_49,S_09,relacionado,curto,833.7785966,correct
item_50,S_09,relacionado,curto,801.5695977,correct
item_51,S_09,relacionado,curto,706.9735031,incorrect
item_52,S_09,relacionado,curto,635.2260539,correct
item_53,S_09,relacionado,curto,914.8720476,correct
item_54,S_09,relacionado,curto,751.7612407,correct
item_55,S_09,relacionado,curto,674.3813092,correct
item_56,S_09,relacionado,curto,836.2402349,correct
item_57,S_09,relacionado,curto,648.8564597,correct
item_58,S_09,relacionado,curto,812.3046292,correct
item_59,S_09,relacionado,curto,889.1934623,correct
item_60,S_09,relacionado,curto,752.8936451,correct
item_46,S_10,relacionado,curto,825.2290961,correct
item_47,S_10,relacionado,curto,740.8443996,correct
item_48,S_10,relacionado,curto,887.8874918,correct
item_49,S_10,relacionado,curto,662.4215092,correct
item_50,S_10,relacionado,curto,855.7878412,correct
item_51,S_10,relacionado,curto,801.1131495,correct
item_52,S_10,relacionado,curto,1137.07532,correct
item_53,S_10,relacionado,curto,748.2155961,correct
item_54,S_10,relacionado,curto,807.926498,correct
item_55,S_10,relacionado,curto,829.6745918,correct
item_56,S_10,relacionado,curto,750.8549887,incorrect
item_57,S_10,relacionado,curto,694.7810199,correct
item_58,S_10,relacionado,curto,875.0360402,correct
item_59,S_10,relacionado,curto,714.3866047,correct
item_60,S_10,relacionado,curto,830.4714996,correct
item_31,S_11,relacionado,curto,788.5835118,correct
item_32,S_11,relacionado,curto,968.003897,correct
item_33,S_11,relacionado,curto,974.888124,correct
item_34,S_11,relacionado,curto,647.0605884,correct
item_35,S_11,relacionado,curto,816.8138016,correct
item_36,S_11,relacionado,curto,842.9904296,correct
item_37,S_11,relacionado,curto,996.094901,correct
item_38,S_11,relacionado,curto,649.6300511,correct
item_39,S_11,relacionado,curto,909.5393273,correct
item_40,S_11,relacionado,curto,895.2604192,correct
item_41,S_11,relacionado,curto,814.6013894,correct
item_42,S_11,relacionado,curto,849.8590771,correct
item_43,S_11,relacionado,curto,720.4550461,correct
item_44,S_11,relacionado,curto,781.1440756,correct
item_45,S_11,relacionado,curto,806.914217,correct
item_31,S_12,relacionado,curto,684.8706823,correct
item_32,S_12,relacionado,curto,719.6143567,correct
item_33,S_12,relacionado,curto,937.6800908,correct
item_34,S_12,relacionado,curto,735.5474339,correct
item_35,S_12,relacionado,curto,909.5967124,correct
item_36,S_12,relacionado,curto,905.3091211,correct
item_37,S_12,relacionado,curto,741.6587111,correct
item_38,S_12,relacionado,curto,703.2052564,correct
item_39,S_12,relacionado,curto,764.3217216,correct
item_40,S_12,relacionado,curto,778.1999207,correct
item_41,S_12,relacionado,curto,984.559576,correct
item_42,S_12,relacionado,curto,904.0625782,correct
item_43,S_12,relacionado,curto,669.2787206,correct
item_44,S_12,relacionado,curto,691.0906953,correct
item_45,S_12,relacionado,curto,618.3154561,correct
item_31,S_13,relacionado,curto,574.0492259,correct
item_32,S_13,relacionado,curto,565.0502545,correct
item_33,S_13,relacionado,curto,727.9079048,correct
item_34,S_13,relacionado,curto,550.115242,correct
item_35,S_13,relacionado,curto,706.3669905,correct
item_36,S_13,relacionado,curto,427.9312784,correct
item_37,S_13,relacionado,curto,733.2016874,correct
item_38,S_13,relacionado,curto,626.5419383,correct
item_39,S_13,relacionado,curto,586.065004,correct
item_40,S_13,relacionado,curto,746.595926,correct
item_41,S_13,relacionado,curto,540.3266282,correct
item_42,S_13,relacionado,curto,650.6315787,correct
item_43,S_13,relacionado,curto,636.5974364,correct
item_44,S_13,relacionado,curto,753.9878531,correct
item_45,S_13,relacionado,curto,734.3268576,correct
item_31,S_14,relacionado,curto,778.2452903,correct
item_32,S_14,relacionado,curto,657.232542,correct
item_33,S_14,relacionado,curto,710.7387045,correct
item_34,S_14,relacionado,curto,600.0892245,correct
item_35,S_14,relacionado,curto,563.6821921,correct
item_36,S_14,relacionado,curto,759.0383096,correct
item_37,S_14,relacionado,curto,584.2203168,correct
item_38,S_14,relacionado,curto,615.0198604,incorrect
item_39,S_14,relacionado,curto,592.8950013,correct
item_40,S_14,relacionado,curto,637.2913177,correct
item_41,S_14,relacionado,curto,627.0954976,correct
item_42,S_14,relacionado,curto,741.1455349,correct
item_43,S_14,relacionado,curto,645.3557159,correct
item_44,S_14,relacionado,curto,532.5067613,correct
item_45,S_14,relacionado,curto,661.1449177,correct
item_31,S_15,relacionado,curto,574.0540096,correct
item_32,S_15,relacionado,curto,656.1858683,correct
item_33,S_15,relacionado,curto,680.7484996,correct
item_34,S_15,relacionado,curto,678.20988,correct
item_35,S_15,relacionado,curto,614.0164016,correct
item_36,S_15,relacionado,curto,792.3757182,correct
item_37,S_15,relacionado,curto,456.2875621,correct
item_38,S_15,relacionado,curto,689.8250186,correct
item_39,S_15,relacionado,curto,708.0320342,correct
item_40,S_15,relacionado,curto,807.3048251,correct
item_41,S_15,relacionado,curto,700.0934306,correct
item_42,S_15,relacionado,curto,773.3769058,correct
item_43,S_15,relacionado,curto,622.3644086,correct
item_44,S_15,relacionado,curto,597.015903,correct
item_45,S_15,relacionado,curto,617.1795973,correct
item_16,S_16,relacionado,curto,644.2132269,correct
item_17,S_16,relacionado,curto,830.9973771,correct
item_18,S_16,relacionado,curto,532.1248569,correct
item_19,S_16,relacionado,curto,685.1662115,incorrect
item_20,S_16,relacionado,curto,664.4415906,correct
item_21,S_16,relacionado,curto,707.4702304,correct
item_22,S_16,relacionado,curto,675.0880227,correct
item_23,S_16,relacionado,curto,649.95076,correct
item_24,S_16,relacionado,curto,740.3514792,correct
item_25,S_16,relacionado,curto,591.2561883,correct
item_26,S_16,relacionado,curto,722.2154645,correct
item_27,S_16,relacionado,curto,1673.497955,correct
item_28,S_16,relacionado,curto,490.3459647,correct
item_29,S_16,relacionado,curto,467.9012785,correct
item_30,S_16,relacionado,curto,583.6122016,correct
item_16,S_17,relacionado,curto,782.3195669,correct
item_17,S_17,relacionado,curto,474.8267829,correct
item_18,S_17,relacionado,curto,703.976861,incorrect
item_19,S_17,relacionado,curto,796.4804442,correct
item_20,S_17,relacionado,curto,896.637232,correct
item_21,S_17,relacionado,curto,761.7423665,correct
item_22,S_17,relacionado,curto,861.1806582,correct
item_23,S_17,relacionado,curto,642.6961882,correct
item_24,S_17,relacionado,curto,829.7129362,correct
item_25,S_17,relacionado,curto,828.6534366,correct
item_26,S_17,relacionado,curto,663.6219613,correct
item_27,S_17,relacionado,curto,770.3995412,correct
item_28,S_17,relacionado,curto,651.6354885,correct
item_29,S_17,relacionado,curto,650.5928672,correct
item_30,S_17,relacionado,curto,781.8336651,correct
item_16,S_18,relacionado,curto,617.5826028,correct
item_17,S_18,relacionado,curto,701.3289985,correct
item_18,S_18,relacionado,curto,536.9497952,correct
item_19,S_18,relacionado,curto,432.1578692,correct
item_20,S_18,relacionado,curto,656.1503689,correct
item_21,S_18,relacionado,curto,637.0363052,correct
item_22,S_18,relacionado,curto,710.6195623,correct
item_23,S_18,relacionado,curto,669.4328213,correct
item_24,S_18,relacionado,curto,975.430508,correct
item_25,S_18,relacionado,curto,651.6985271,correct
item_26,S_18,relacionado,curto,912.0063787,correct
item_27,S_18,relacionado,curto,807.9978833,correct
item_28,S_18,relacionado,curto,670.2525886,correct
item_29,S_18,relacionado,curto,672.4158346,correct
item_30,S_18,relacionado,curto,663.1058015,correct
item_16,S_19,relacionado,curto,174.5454066,correct
item_17,S_19,relacionado,curto,394.5800417,correct
item_18,S_19,relacionado,curto,734.1529345,correct
item_19,S_19,relacionado,curto,906.494294,correct
item_20,S_19,relacionado,curto,702.6461464,correct
item_21,S_19,relacionado,curto,619.1977358,correct
item_22,S_19,relacionado,curto,763.7852984,correct
item_23,S_19,relacionado,curto,744.1017385,correct
item_24,S_19,relacionado,curto,748.6582947,correct
item_25,S_19,relacionado,curto,618.6975473,correct
item_26,S_19,relacionado,curto,840.7890023,correct
item_27,S_19,relacionado,curto,607.6710266,correct
item_28,S_19,relacionado,curto,743.1256568,correct
item_29,S_19,relacionado,curto,692.9831166,correct
item_30,S_19,relacionado,curto,565.3340213,correct
item_16,S_20,relacionado,curto,824.5566534,correct
item_17,S_20,relacionado,curto,686.1410734,correct
item_18,S_20,relacionado,curto,563.4546168,correct
item_19,S_20,relacionado,curto,612.1281681,correct
item_20,S_20,relacionado,curto,646.5822784,correct
item_21,S_20,relacionado,curto,665.0367595,correct
item_22,S_20,relacionado,curto,730.6364983,correct
item_23,S_20,relacionado,curto,710.4925379,correct
item_24,S_20,relacionado,curto,860.3539907,correct
item_25,S_20,relacionado,curto,770.7989083,correct
item_26,S_20,relacionado,curto,640.4779076,correct
item_27,S_20,relacionado,curto,702.6741814,correct
item_28,S_20,relacionado,curto,744.8925597,correct
item_29,S_20,relacionado,curto,645.7139011,correct
item_30,S_20,relacionado,curto,736.3549264,correct
item_16,S_01,relacionado,longo,401.6211476,correct
item_17,S_01,relacionado,longo,546.9485363,correct
item_18,S_01,relacionado,longo,588.7244679,correct
item_19,S_01,relacionado,longo,582.2701029,correct
item_20,S_01,relacionado,longo,605.6997708,correct
item_21,S_01,relacionado,longo,718.3049283,correct
item_22,S_01,relacionado,longo,524.357956,incorrect
item_23,S_01,relacionado,longo,387.2165074,correct
item_24,S_01,relacionado,longo,644.297123,correct
item_25,S_01,relacionado,longo,511.4217974,correct
item_26,S_01,relacionado,longo,510.2772403,correct
item_27,S_01,relacionado,longo,195.4473107,correct
item_28,S_01,relacionado,longo,651.2815592,correct
item_29,S_01,relacionado,longo,485.5599797,correct
item_30,S_01,relacionado,longo,461.3252224,correct
item_16,S_02,relacionado,longo,703.4197458,correct
item_17,S_02,relacionado,longo,581.0262974,correct
item_18,S_02,relacionado,longo,567.4103632,correct
item_19,S_02,relacionado,longo,589.3362294,correct
item_20,S_02,relacionado,longo,522.1825232,correct
item_21,S_02,relacionado,longo,470.1572634,correct
item_22,S_02,relacionado,longo,497.8489501,correct
item_23,S_02,relacionado,longo,764.8094757,correct
item_24,S_02,relacionado,longo,599.4820534,correct
item_25,S_02,relacionado,longo,624.2476507,correct
item_26,S_02,relacionado,longo,411.763437,correct
item_27,S_02,relacionado,longo,519.1923654,correct
item_28,S_02,relacionado,longo,535.7563145,correct
item_29,S_02,relacionado,longo,460.4082757,correct
item_30,S_02,relacionado,longo,632.6253993,correct
item_16,S_03,relacionado,longo,517.7246287,correct
item_17,S_03,relacionado,longo,617.8231232,correct
item_18,S_03,relacionado,longo,523.3815984,correct
item_19,S_03,relacionado,longo,659.0516123,correct
item_20,S_03,relacionado,longo,551.0813596,correct
item_21,S_03,relacionado,longo,455.1908884,correct
item_22,S_03,relacionado,longo,739.607977,correct
item_23,S_03,relacionado,longo,756.6798797,correct
item_24,S_03,relacionado,longo,657.3936673,correct
item_25,S_03,relacionado,longo,655.9916991,correct
item_26,S_03,relacionado,longo,445.8151841,correct
item_27,S_03,relacionado,longo,524.8749206,correct
item_28,S_03,relacionado,longo,569.1494733,correct
item_29,S_03,relacionado,longo,392.019913,correct
item_30,S_03,relacionado,longo,473.442827,correct
item_16,S_04,relacionado,longo,491.7201835,correct
item_17,S_04,relacionado,longo,542.050026,correct
item_18,S_04,relacionado,longo,538.4952054,correct
item_19,S_04,relacionado,longo,509.577934,correct
item_20,S_04,relacionado,longo,443.5228301,correct
item_21,S_04,relacionado,longo,471.3845281,correct
item_22,S_04,relacionado,longo,610.6796637,correct
item_23,S_04,relacionado,longo,417.6601871,correct
item_24,S_04,relacionado,longo,373.7346689,correct
item_25,S_04,relacionado,longo,763.7590862,correct
item_26,S_04,relacionado,longo,695.6296574,correct
item_27,S_04,relacionado,longo,502.1916533,correct
item_28,S_04,relacionado,longo,463.3456019,correct
item_29,S_04,relacionado,longo,549.6061651,correct
item_30,S_04,relacionado,longo,530.4213344,correct
item_16,S_05,relacionado,longo,798.2094905,correct
item_17,S_05,relacionado,longo,724.9491666,correct
item_18,S_05,relacionado,longo,655.374893,correct
item_19,S_05,relacionado,longo,635.3135019,correct
item_20,S_05,relacionado,longo,777.9118079,correct
item_21,S_05,relacionado,longo,755.493229,correct
item_22,S_05,relacionado,longo,822.8438646,correct
item_23,S_05,relacionado,longo,652.6902172,correct
item_24,S_05,relacionado,longo,619.5126945,correct
item_25,S_05,relacionado,longo,600.207281,correct
item_26,S_05,relacionado,longo,623.8049735,correct
item_27,S_05,relacionado,longo,715.2807488,correct
item_28,S_05,relacionado,longo,686.1282628,correct
item_29,S_05,relacionado,longo,585.489748,correct
item_30,S_05,relacionado,longo,602.4924631,correct
item_01,S_06,relacionado,longo,434.6540633,correct
item_02,S_06,relacionado,longo,622.2514036,correct
item_03,S_06,relacionado,longo,465.2335584,correct
item_04,S_06,relacionado,longo,662.1825491,correct
item_05,S_06,relacionado,longo,718.0551539,correct
item_06,S_06,relacionado,longo,668.8656164,correct
item_07,S_06,relacionado,longo,629.9121314,correct
item_08,S_06,relacionado,longo,686.4451403,correct
item_09,S_06,relacionado,longo,599.8462888,correct
item_10,S_06,relacionado,longo,531.6084542,correct
item_11,S_06,relacionado,longo,713.1386802,correct
item_12,S_06,relacionado,longo,654.1972242,correct
item_13,S_06,relacionado,longo,738.6032497,correct
item_14,S_06,relacionado,longo,439.6303278,correct
item_15,S_06,relacionado,longo,680.2435548,correct
item_01,S_07,relacionado,longo,701.4002887,correct
item_02,S_07,relacionado,longo,557.140606,correct
item_03,S_07,relacionado,longo,542.0825312,correct
item_04,S_07,relacionado,longo,741.320261,correct
item_05,S_07,relacionado,longo,664.4924538,correct
item_06,S_07,relacionado,longo,590.0318073,correct
item_07,S_07,relacionado,longo,795.1974207,correct
item_08,S_07,relacionado,longo,557.4229299,correct
item_09,S_07,relacionado,longo,691.8471655,correct
item_10,S_07,relacionado,longo,605.6779426,correct
item_11,S_07,relacionado,longo,523.6102006,correct
item_12,S_07,relacionado,longo,570.3318071,correct
item_13,S_07,relacionado,longo,844.6583959,correct
item_14,S_07,relacionado,longo,870.2780848,correct
item_15,S_07,relacionado,longo,702.4788267,correct
item_01,S_08,relacionado,longo,617.3817344,correct
item_02,S_08,relacionado,longo,551.2335234,correct
item_03,S_08,relacionado,longo,868.3772126,correct
item_04,S_08,relacionado,longo,831.1844716,correct
item_05,S_08,relacionado,longo,500.4115625,correct
item_06,S_08,relacionado,longo,707.4583176,correct
item_07,S_08,relacionado,longo,591.4282219,correct
item_08,S_08,relacionado,longo,725.7667942,incorrect
item_09,S_08,relacionado,longo,804.249129,correct
item_10,S_08,relacionado,longo,596.5065335,correct
item_11,S_08,relacionado,longo,701.7306469,correct
item_12,S_08,relacionado,longo,539.9967973,correct
item_13,S_08,relacionado,longo,705.7047239,correct
item_14,S_08,relacionado,longo,495.10755,correct
item_15,S_08,relacionado,longo,652.7139652,correct
item_01,S_09,relacionado,longo,857.3743703,correct
item_02,S_09,relacionado,longo,665.2074754,correct
item_03,S_09,relacionado,longo,647.0770185,correct
item_04,S_09,relacionado,longo,885.8830083,correct
item_05,S_09,relacionado,longo,888.1567469,correct
item_06,S_09,relacionado,longo,1032.275506,correct
item_07,S_09,relacionado,longo,593.3651945,correct
item_08,S_09,relacionado,longo,780.2832843,correct
item_09,S_09,relacionado,longo,625.240262,correct
item_10,S_09,relacionado,longo,870.0519016,correct
item_11,S_09,relacionado,longo,778.7582376,correct
item_12,S_09,relacionado,longo,661.7838863,correct
item_13,S_09,relacionado,longo,671.6768979,correct
item_14,S_09,relacionado,longo,836.3697596,correct
item_15,S_09,relacionado,longo,861.6495296,correct
item_01,S_10,relacionado,longo,740.6853065,correct
item_02,S_10,relacionado,longo,732.3125545,correct
item_03,S_10,relacionado,longo,686.856623,correct
item_04,S_10,relacionado,longo,774.403707,correct
item_05,S_10,relacionado,longo,832.5780348,correct
item_06,S_10,relacionado,longo,813.0261437,correct
item_07,S_10,relacionado,longo,771.399146,correct
item_08,S_10,relacionado,longo,861.9618644,correct
item_09,S_10,relacionado,longo,1060.009088,correct
item_10,S_10,relacionado,longo,723.9306534,correct
item_11,S_10,relacionado,longo,868.889941,correct
item_12,S_10,relacionado,longo,689.6742794,correct
item_13,S_10,relacionado,longo,957.328638,correct
item_14,S_10,relacionado,longo,826.2741235,correct
item_15,S_10,relacionado,longo,777.9212805,correct
item_46,S_11,relacionado,longo,586.5602419,correct
item_47,S_11,relacionado,longo,895.6741651,correct
item_48,S_11,relacionado,longo,749.0317343,correct
item_49,S_11,relacionado,longo,688.5655648,correct
item_50,S_11,relacionado,longo,876.7589243,correct
item_51,S_11,relacionado,longo,143.1857154,correct
item_52,S_11,relacionado,longo,906.4583624,correct
item_53,S_11,relacionado,longo,738.3860728,correct
item_54,S_11,relacionado,longo,828.2680965,correct
item_55,S_11,relacionado,longo,962.664687,correct
item_56,S_11,relacionado,longo,816.8434096,correct
item_57,S_11,relacionado,longo,747.0149195,correct
item_58,S_11,relacionado,longo,577.1110783,correct
item_59,S_11,relacionado,longo,843.3099988,correct
item_60,S_11,relacionado,longo,695.2915277,correct
item_46,S_12,relacionado,longo,822.9885856,correct
item_47,S_12,relacionado,longo,654.9426117,correct
item_48,S_12,relacionado,longo,784.8404195,correct
item_49,S_12,relacionado,longo,628.5488942,correct
item_50,S_12,relacionado,longo,741.7355855,incorrect
item_51,S_12,relacionado,longo,553.8399156,correct
item_52,S_12,relacionado,longo,840.9950252,correct
item_53,S_12,relacionado,longo,1092.790775,correct
item_54,S_12,relacionado,longo,738.9919018,correct
item_55,S_12,relacionado,longo,975.674029,correct
item_56,S_12,relacionado,longo,678.3526509,correct
item_57,S_12,relacionado,longo,867.0803528,correct
item_58,S_12,relacionado,longo,905.4131184,correct
item_59,S_12,relacionado,longo,800.4769264,correct
item_60,S_12,relacionado,longo,617.4995024,correct
item_46,S_13,relacionado,longo,711.1457149,correct
item_47,S_13,relacionado,longo,619.209232,correct
item_48,S_13,relacionado,longo,777.275164,correct
item_49,S_13,relacionado,longo,743.1419982,correct
item_50,S_13,relacionado,longo,804.9976319,correct
item_51,S_13,relacionado,longo,726.4380876,correct
item_52,S_13,relacionado,longo,554.5232758,correct
item_53,S_13,relacionado,longo,541.3974773,correct
item_54,S_13,relacionado,longo,563.4767616,correct
item_55,S_13,relacionado,longo,540.1174379,correct
item_56,S_13,relacionado,longo,597.9884879,correct
item_57,S_13,relacionado,longo,772.2632662,correct
item_58,S_13,relacionado,longo,652.7162142,correct
item_59,S_13,relacionado,longo,618.1695477,correct
item_60,S_13,relacionado,longo,722.6203848,correct
item_46,S_14,relacionado,longo,684.5918175,correct
item_47,S_14,relacionado,longo,653.3707316,correct
item_48,S_14,relacionado,longo,725.2153479,correct
item_49,S_14,relacionado,longo,689.4328897,correct
item_50,S_14,relacionado,longo,792.4142705,correct
item_51,S_14,relacionado,longo,717.9330778,correct
item_52,S_14,relacionado,longo,499.9825063,incorrect
item_53,S_14,relacionado,longo,789.6053633,correct
item_54,S_14,relacionado,longo,572.3321539,correct
item_55,S_14,relacionado,longo,593.7586011,correct
item_56,S_14,relacionado,longo,889.4052525,correct
item_57,S_14,relacionado,longo,618.7764552,correct
item_58,S_14,relacionado,longo,512.3413898,correct
item_59,S_14,relacionado,longo,593.1592305,correct
item_60,S_14,relacionado,longo,717.389645,correct
item_46,S_15,relacionado,longo,857.5277717,correct
item_47,S_15,relacionado,longo,579.493471,correct
item_48,S_15,relacionado,longo,690.4374058,correct
item_49,S_15,relacionado,longo,625.9480615,correct
item_50,S_15,relacionado,longo,471.5608111,correct
item_51,S_15,relacionado,longo,728.7533395,correct
item_52,S_15,relacionado,longo,699.2947921,correct
item_53,S_15,relacionado,longo,616.0827251,correct
item_54,S_15,relacionado,longo,602.7564544,correct
item_55,S_15,relacionado,longo,688.835784,correct
item_56,S_15,relacionado,longo,560.5355406,correct
item_57,S_15,relacionado,longo,725.1496798,correct
item_58,S_15,relacionado,longo,614.1104228,correct
item_59,S_15,relacionado,longo,549.6477039,correct
item_60,S_15,relacionado,longo,557.4731294,correct
item_31,S_16,relacionado,longo,602.0986644,correct
item_32,S_16,relacionado,longo,502.6764284,correct
item_33,S_16,relacionado,longo,777.6853605,correct
item_34,S_16,relacionado,longo,796.8219226,correct
item_35,S_16,relacionado,longo,747.8313193,correct
item_36,S_16,relacionado,longo,545.0241423,correct
item_37,S_16,relacionado,longo,654.0736691,correct
item_38,S_16,relacionado,longo,661.9111411,correct
item_39,S_16,relacionado,longo,601.8239216,correct
item_40,S_16,relacionado,longo,693.0588587,correct
item_41,S_16,relacionado,longo,694.0621396,correct
item_42,S_16,relacionado,longo,737.4776607,correct
item_43,S_16,relacionado,longo,773.3694261,correct
item_44,S_16,relacionado,longo,665.6680895,correct
item_45,S_16,relacionado,longo,585.9462005,correct
item_31,S_17,relacionado,longo,665.3756976,correct
item_32,S_17,relacionado,longo,765.9423699,correct
item_33,S_17,relacionado,longo,663.9824031,correct
item_34,S_17,relacionado,longo,795.870886,correct
item_35,S_17,relacionado,longo,558.2048341,correct
item_36,S_17,relacionado,longo,756.6475892,correct
item_37,S_17,relacionado,longo,740.1447443,correct
item_38,S_17,relacionado,longo,568.9412581,correct
item_39,S_17,relacionado,longo,850.9064575,incorrect
item_40,S_17,relacionado,longo,772.0749449,correct
item_41,S_17,relacionado,longo,726.577063,correct
item_42,S_17,relacionado,longo,779.8063487,correct
item_43,S_17,relacionado,longo,527.8039931,correct
item_44,S_17,relacionado,longo,724.7844506,correct
item_45,S_17,relacionado,longo,490.9500865,correct
item_31,S_18,relacionado,longo,630.1684349,correct
item_32,S_18,relacionado,longo,775.7407331,correct
item_33,S_18,relacionado,longo,803.326293,correct
item_34,S_18,relacionado,longo,722.0524978,correct
item_35,S_18,relacionado,longo,684.5435903,correct
item_36,S_18,relacionado,longo,510.3250981,correct
item_37,S_18,relacionado,longo,646.1571051,correct
item_38,S_18,relacionado,longo,468.5519713,correct
item_39,S_18,relacionado,longo,744.9596498,incorrect
item_40,S_18,relacionado,longo,720.2877249,correct
item_41,S_18,relacionado,longo,902.6259131,correct
item_42,S_18,relacionado,longo,885.3822328,correct
item_43,S_18,relacionado,longo,721.8418061,correct
item_44,S_18,relacionado,longo,755.4603171,correct
item_45,S_18,relacionado,longo,814.3985235,correct
item_31,S_19,relacionado,longo,848.5293928,correct
item_32,S_19,relacionado,longo,630.4654401,correct
item_33,S_19,relacionado,longo,588.5352849,correct
item_34,S_19,relacionado,longo,699.0244098,correct
item_35,S_19,relacionado,longo,621.2655151,correct
item_36,S_19,relacionado,longo,556.9374318,correct
item_37,S_19,relacionado,longo,508.2848151,correct
item_38,S_19,relacionado,longo,566.2398406,correct
item_39,S_19,relacionado,longo,581.4850631,correct
item_40,S_19,relacionado,longo,924.7634318,correct
item_41,S_19,relacionado,longo,873.5942297,correct
item_42,S_19,relacionado,longo,681.2924558,correct
item_43,S_19,relacionado,longo,692.4006823,correct
item_44,S_19,relacionado,longo,599.5754575,correct
item_45,S_19,relacionado,longo,759.9419457,correct
item_31,S_20,relacionado,longo,677.7667146,correct
item_32,S_20,relacionado,longo,700.9671663,correct
item_33,S_20,relacionado,longo,591.2812339,correct
item_34,S_20,relacionado,longo,752.9971751,correct
item_35,S_20,relacionado,longo,782.7608655,correct
item_36,S_20,relacionado,longo,793.7327697,correct
item_37,S_20,relacionado,longo,634.3281152,correct
item_38,S_20,relacionado,longo,865.6949423,correct
item_39,S_20,relacionado,longo,651.7255229,correct
item_40,S_20,relacionado,longo,646.5522771,correct
item_41,S_20,relacionado,longo,635.3624679,correct
item_42,S_20,relacionado,longo,600.1419452,correct
item_43,S_20,relacionado,longo,670.4292981,correct
item_44,S_20,relacionado,longo,749.8397507,correct
item_45,S_20,relacionado,longo,677.6045962,correct
item_31,S_01,nrelacionado,curto,763.9329214,correct
item_32,S_01,nrelacionado,curto,546.4906121,correct
item_33,S_01,nrelacionado,curto,881.2421845,correct
item_34,S_01,nrelacionado,curto,841.7538363,correct
item_35,S_01,nrelacionado,curto,592.6475991,correct
item_36,S_01,nrelacionado,curto,731.9037245,correct
item_37,S_01,nrelacionado,curto,535.604106,correct
item_38,S_01,nrelacionado,curto,825.0562782,correct
item_39,S_01,nrelacionado,curto,923.8956714,correct
item_40,S_01,nrelacionado,curto,562.6415559,correct
item_41,S_01,nrelacionado,curto,701.2576654,correct
item_42,S_01,nrelacionado,curto,572.1194195,correct
item_43,S_01,nrelacionado,curto,579.5260116,correct
item_44,S_01,nrelacionado,curto,713.5148405,correct
item_45,S_01,nrelacionado,curto,527.0202648,correct
item_31,S_02,nrelacionado,curto,728.609183,correct
item_32,S_02,nrelacionado,curto,757.1832988,correct
item_33,S_02,nrelacionado,curto,651.7574605,correct
item_34,S_02,nrelacionado,curto,554.7704122,correct
item_35,S_02,nrelacionado,curto,842.664157,correct
item_36,S_02,nrelacionado,curto,713.9350367,correct
item_37,S_02,nrelacionado,curto,744.2004271,correct
item_38,S_02,nrelacionado,curto,498.9580979,correct
item_39,S_02,nrelacionado,curto,477.9008611,correct
item_40,S_02,nrelacionado,curto,1782.75539,correct
item_41,S_02,nrelacionado,curto,671.8550575,correct
item_42,S_02,nrelacionado,curto,633.5365619,correct
item_43,S_02,nrelacionado,curto,729.8251967,correct
item_44,S_02,nrelacionado,curto,860.533107,correct
item_45,S_02,nrelacionado,curto,782.6635605,correct
item_31,S_03,nrelacionado,curto,542.9673242,correct
item_32,S_03,nrelacionado,curto,660.6811473,correct
item_33,S_03,nrelacionado,curto,587.5669462,correct
item_34,S_03,nrelacionado,curto,678.5958547,correct
item_35,S_03,nrelacionado,curto,564.5313685,correct
item_36,S_03,nrelacionado,curto,566.8022038,correct
item_37,S_03,nrelacionado,curto,813.0185969,correct
item_38,S_03,nrelacionado,curto,720.543685,correct
item_39,S_03,nrelacionado,curto,681.5950628,correct
item_40,S_03,nrelacionado,curto,457.6618367,correct
item_41,S_03,nrelacionado,curto,625.5795643,correct
item_42,S_03,nrelacionado,curto,882.1482714,correct
item_43,S_03,nrelacionado,curto,726.4207824,correct
item_44,S_03,nrelacionado,curto,577.3611809,correct
item_45,S_03,nrelacionado,curto,823.6896954,correct
item_31,S_04,nrelacionado,curto,527.6037756,correct
item_32,S_04,nrelacionado,curto,699.054565,correct
item_33,S_04,nrelacionado,curto,565.3333418,correct
item_34,S_04,nrelacionado,curto,819.6497464,correct
item_35,S_04,nrelacionado,curto,744.4263314,correct
item_36,S_04,nrelacionado,curto,908.2826916,correct
item_37,S_04,nrelacionado,curto,832.143896,correct
item_38,S_04,nrelacionado,curto,809.0563705,correct
item_39,S_04,nrelacionado,curto,847.461095,correct
item_40,S_04,nrelacionado,curto,768.5570523,correct
item_41,S_04,nrelacionado,curto,697.3166413,correct
item_42,S_04,nrelacionado,curto,877.9326057,incorrect
item_43,S_04,nrelacionado,curto,787.6793136,correct
item_44,S_04,nrelacionado,curto,725.4972527,correct
item_45,S_04,nrelacionado,curto,788.755387,correct
item_31,S_05,nrelacionado,curto,807.2636456,correct
item_32,S_05,nrelacionado,curto,1081.048171,correct
item_33,S_05,nrelacionado,curto,863.0202247,correct
item_34,S_05,nrelacionado,curto,881.9119323,correct
item_35,S_05,nrelacionado,curto,623.4187196,correct
item_36,S_05,nrelacionado,curto,655.8524629,correct
item_37,S_05,nrelacionado,curto,942.7683621,correct
item_38,S_05,nrelacionado,curto,690.4850628,correct
item_39,S_05,nrelacionado,curto,971.4194189,correct
item_40,S_05,nrelacionado,curto,887.0301059,correct
item_41,S_05,nrelacionado,curto,739.7360761,correct
item_42,S_05,nrelacionado,curto,701.4617051,correct
item_43,S_05,nrelacionado,curto,641.1289976,correct
item_44,S_05,nrelacionado,curto,837.8388043,correct
item_45,S_05,nrelacionado,curto,881.8794225,correct
item_16,S_06,nrelacionado,curto,1114.802651,correct
item_17,S_06,nrelacionado,curto,925.2161246,correct
item_18,S_06,nrelacionado,curto,986.518675,correct
item_19,S_06,nrelacionado,curto,893.7304378,correct
item_20,S_06,nrelacionado,curto,1141.942539,correct
item_21,S_06,nrelacionado,curto,773.7254036,correct
item_22,S_06,nrelacionado,curto,1111.397002,correct
item_23,S_06,nrelacionado,curto,1016.09592,correct
item_24,S_06,nrelacionado,curto,832.2903302,correct
item_25,S_06,nrelacionado,curto,1938.292552,correct
item_26,S_06,nrelacionado,curto,859.9221776,correct
item_27,S_06,nrelacionado,curto,1061.136664,correct
item_28,S_06,nrelacionado,curto,842.5783686,correct
item_29,S_06,nrelacionado,curto,1004.869917,correct
item_30,S_06,nrelacionado,curto,952.3492578,correct
item_16,S_07,nrelacionado,curto,836.8804379,correct
item_17,S_07,nrelacionado,curto,770.6914303,correct
item_18,S_07,nrelacionado,curto,726.6367884,correct
item_19,S_07,nrelacionado,curto,924.0519673,correct
item_20,S_07,nrelacionado,curto,922.6711809,correct
item_21,S_07,nrelacionado,curto,857.80898,correct
item_22,S_07,nrelacionado,curto,901.6323511,correct
item_23,S_07,nrelacionado,curto,894.4318791,correct
item_24,S_07,nrelacionado,curto,812.5140439,correct
item_25,S_07,nrelacionado,curto,783.2051299,correct
item_26,S_07,nrelacionado,curto,885.1275349,correct
item_27,S_07,nrelacionado,curto,936.6620657,correct
item_28,S_07,nrelacionado,curto,762.5439728,correct
item_29,S_07,nrelacionado,curto,828.653744,correct
item_30,S_07,nrelacionado,curto,881.5940613,correct
item_16,S_08,nrelacionado,curto,936.0133578,correct
item_17,S_08,nrelacionado,curto,592.2443492,correct
item_18,S_08,nrelacionado,curto,548.3040495,correct
item_19,S_08,nrelacionado,curto,816.7944593,correct
item_20,S_08,nrelacionado,curto,793.2982004,correct
item_21,S_08,nrelacionado,curto,685.5034774,correct
item_22,S_08,nrelacionado,curto,950.893045,correct
item_23,S_08,nrelacionado,curto,647.0590026,correct
item_24,S_08,nrelacionado,curto,750.3416415,correct
item_25,S_08,nrelacionado,curto,781.4821982,correct
item_26,S_08,nrelacionado,curto,957.4341871,correct
item_27,S_08,nrelacionado,curto,797.828857,correct
item_28,S_08,nrelacionado,curto,868.5974372,correct
item_29,S_08,nrelacionado,curto,867.917309,correct
item_30,S_08,nrelacionado,curto,786.7872407,correct
item_16,S_09,nrelacionado,curto,747.5441859,correct
item_17,S_09,nrelacionado,curto,627.9284172,correct
item_18,S_09,nrelacionado,curto,523.9744972,correct
item_19,S_09,nrelacionado,curto,798.1707311,correct
item_20,S_09,nrelacionado,curto,877.1574087,correct
item_21,S_09,nrelacionado,curto,737.7652614,correct
item_22,S_09,nrelacionado,curto,845.0468687,incorrect
item_23,S_09,nrelacionado,curto,521.2529812,correct
item_24,S_09,nrelacionado,curto,806.8912444,correct
item_25,S_09,nrelacionado,curto,1035.751503,correct
item_26,S_09,nrelacionado,curto,728.6366279,correct
item_27,S_09,nrelacionado,curto,908.2379121,correct
item_28,S_09,nrelacionado,curto,715.3760939,correct
item_29,S_09,nrelacionado,curto,747.8046967,correct
item_30,S_09,nrelacionado,curto,849.4983999,correct
item_16,S_10,nrelacionado,curto,732.8611745,correct
item_17,S_10,nrelacionado,curto,831.7814166,correct
item_18,S_10,nrelacionado,curto,633.2504088,correct
item_19,S_10,nrelacionado,curto,813.9539572,correct
item_20,S_10,nrelacionado,curto,642.3662277,correct
item_21,S_10,nrelacionado,curto,819.0039221,correct
item_22,S_10,nrelacionado,curto,758.4485536,correct
item_23,S_10,nrelacionado,curto,752.3494688,correct
item_24,S_10,nrelacionado,curto,837.6603312,correct
item_25,S_10,nrelacionado,curto,808.5271512,correct
item_26,S_10,nrelacionado,curto,733.0174841,correct
item_27,S_10,nrelacionado,curto,861.5700241,correct
item_28,S_10,nrelacionado,curto,734.7512494,correct
item_29,S_10,nrelacionado,curto,844.6986222,correct
item_30,S_10,nrelacionado,curto,891.6903702,correct
item_01,S_11,nrelacionado,curto,682.4450163,correct
item_02,S_11,nrelacionado,curto,706.3914983,correct
item_03,S_11,nrelacionado,curto,697.5744788,correct
item_04,S_11,nrelacionado,curto,824.2514047,correct
item_05,S_11,nrelacionado,curto,2669.828597,correct
item_06,S_11,nrelacionado,curto,573.7203729,correct
item_07,S_11,nrelacionado,curto,627.162766,correct
item_08,S_11,nrelacionado,curto,524.903338,correct
item_09,S_11,nrelacionado,curto,645.6598709,correct
item_10,S_11,nrelacionado,curto,875.7140883,correct
item_11,S_11,nrelacionado,curto,694.5854013,correct
item_12,S_11,nrelacionado,curto,817.2821158,correct
item_13,S_11,nrelacionado,curto,742.04516,correct
item_14,S_11,nrelacionado,curto,820.9229392,correct
item_15,S_11,nrelacionado,curto,676.4599742,correct
item_01,S_12,nrelacionado,curto,590.6476666,correct
item_02,S_12,nrelacionado,curto,739.4599813,correct
item_03,S_12,nrelacionado,curto,711.737928,correct
item_04,S_12,nrelacionado,curto,534.9705269,correct
item_05,S_12,nrelacionado,curto,805.6068882,correct
item_06,S_12,nrelacionado,curto,819.0274257,correct
item_07,S_12,nrelacionado,curto,660.7602719,correct
item_08,S_12,nrelacionado,curto,688.0661924,correct
item_09,S_12,nrelacionado,curto,692.4004492,correct
item_10,S_12,nrelacionado,curto,557.0321271,correct
item_11,S_12,nrelacionado,curto,611.7538485,correct
item_12,S_12,nrelacionado,curto,775.5821666,correct
item_13,S_12,nrelacionado,curto,473.2902905,correct
item_14,S_12,nrelacionado,curto,516.5785938,correct
item_15,S_12,nrelacionado,curto,775.3609274,correct
item_01,S_13,nrelacionado,curto,628.0198288,correct
item_02,S_13,nrelacionado,curto,666.8414193,correct
item_03,S_13,nrelacionado,curto,720.1536944,correct
item_04,S_13,nrelacionado,curto,710.3326717,correct
item_05,S_13,nrelacionado,curto,725.5846969,correct
item_06,S_13,nrelacionado,curto,615.6437315,correct
item_07,S_13,nrelacionado,curto,738.5765884,correct
item_08,S_13,nrelacionado,curto,762.2479878,correct
item_09,S_13,nrelacionado,curto,795.2125125,correct
item_10,S_13,nrelacionado,curto,717.1089811,correct
item_11,S_13,nrelacionado,curto,611.9845737,correct
item_12,S_13,nrelacionado,curto,605.0540918,correct
item_13,S_13,nrelacionado,curto,719.9912105,correct
item_14,S_13,nrelacionado,curto,769.5681542,correct
item_15,S_13,nrelacionado,curto,385.0292455,correct
item_01,S_14,nrelacionado,curto,433.3388413,correct
item_02,S_14,nrelacionado,curto,687.2766743,correct
item_03,S_14,nrelacionado,curto,698.2877984,correct
item_04,S_14,nrelacionado,curto,663.6889822,correct
item_05,S_14,nrelacionado,curto,716.2598145,correct
item_06,S_14,nrelacionado,curto,657.070874,correct
item_07,S_14,nrelacionado,curto,781.9987502,correct
item_08,S_14,nrelacionado,curto,595.1215699,correct
item_09,S_14,nrelacionado,curto,655.1016801,correct
item_10,S_14,nrelacionado,curto,654.8727537,correct
item_11,S_14,nrelacionado,curto,757.4302123,correct
item_12,S_14,nrelacionado,curto,726.8856243,correct
item_13,S_14,nrelacionado,curto,644.2336828,correct
item_14,S_14,nrelacionado,curto,741.7335463,correct
item_15,S_14,nrelacionado,curto,619.5875577,correct
item_01,S_15,nrelacionado,curto,761.4187248,correct
item_02,S_15,nrelacionado,curto,902.5521248,correct
item_03,S_15,nrelacionado,curto,795.5452107,correct
item_04,S_15,nrelacionado,curto,806.4924552,correct
item_05,S_15,nrelacionado,curto,607.6578146,correct
item_06,S_15,nrelacionado,curto,960.1074908,correct
item_07,S_15,nrelacionado,curto,678.5260433,correct
item_08,S_15,nrelacionado,curto,927.9010158,correct
item_09,S_15,nrelacionado,curto,1082.361647,correct
item_10,S_15,nrelacionado,curto,917.8127606,correct
item_11,S_15,nrelacionado,curto,871.8833835,correct
item_12,S_15,nrelacionado,curto,811.1446804,correct
item_13,S_15,nrelacionado,curto,687.2861823,correct
item_14,S_15,nrelacionado,curto,767.562074,correct
item_15,S_15,nrelacionado,curto,866.0985325,correct
item_46,S_16,nrelacionado,curto,841.5556306,correct
item_47,S_16,nrelacionado,curto,830.2937845,correct
item_48,S_16,nrelacionado,curto,832.0557616,correct
item_49,S_16,nrelacionado,curto,904.7925492,correct
item_50,S_16,nrelacionado,curto,995.8243582,correct
item_51,S_16,nrelacionado,curto,898.6675403,correct
item_52,S_16,nrelacionado,curto,815.9411852,correct
item_53,S_16,nrelacionado,curto,691.9494299,correct
item_54,S_16,nrelacionado,curto,824.7199268,correct
item_55,S_16,nrelacionado,curto,834.4539201,correct
item_56,S_16,nrelacionado,curto,700.6675041,correct
item_57,S_16,nrelacionado,curto,602.8120878,correct
item_58,S_16,nrelacionado,curto,681.6199729,correct
item_59,S_16,nrelacionado,curto,749.9180021,correct
item_60,S_16,nrelacionado,curto,763.9375234,correct
item_46,S_17,nrelacionado,curto,863.8485703,correct
item_47,S_17,nrelacionado,curto,733.2442534,correct
item_48,S_17,nrelacionado,curto,716.4095713,correct
item_49,S_17,nrelacionado,curto,745.9954913,correct
item_50,S_17,nrelacionado,curto,664.6766635,correct
item_51,S_17,nrelacionado,curto,692.3792785,correct
item_52,S_17,nrelacionado,curto,999.5376464,incorrect
item_53,S_17,nrelacionado,curto,993.1339302,correct
item_54,S_17,nrelacionado,curto,836.919552,correct
item_55,S_17,nrelacionado,curto,739.9083967,correct
item_56,S_17,nrelacionado,curto,689.6303386,incorrect
item_57,S_17,nrelacionado,curto,961.140133,correct
item_58,S_17,nrelacionado,curto,896.5644053,correct
item_59,S_17,nrelacionado,curto,689.1528759,correct
item_60,S_17,nrelacionado,curto,910.7648926,correct
item_46,S_18,nrelacionado,curto,503.8443038,correct
item_47,S_18,nrelacionado,curto,604.7766922,correct
item_48,S_18,nrelacionado,curto,566.8514922,correct
item_49,S_18,nrelacionado,curto,436.4008541,correct
item_50,S_18,nrelacionado,curto,819.9781053,correct
item_51,S_18,nrelacionado,curto,464.7406631,correct
item_52,S_18,nrelacionado,curto,635.6260115,correct
item_53,S_18,nrelacionado,curto,503.062389,correct
item_54,S_18,nrelacionado,curto,553.9815998,correct
item_55,S_18,nrelacionado,curto,414.5125697,correct
item_56,S_18,nrelacionado,curto,483.1130665,correct
item_57,S_18,nrelacionado,curto,377.0991587,correct
item_58,S_18,nrelacionado,curto,449.0937127,correct
item_59,S_18,nrelacionado,curto,647.7862861,correct
item_60,S_18,nrelacionado,curto,582.6841165,correct
item_46,S_19,nrelacionado,curto,777.9382509,correct
item_47,S_19,nrelacionado,curto,354.0520187,correct
item_48,S_19,nrelacionado,curto,793.7171955,correct
item_49,S_19,nrelacionado,curto,568.7074886,correct
item_50,S_19,nrelacionado,curto,424.3406644,correct
item_51,S_19,nrelacionado,curto,362.3389681,correct
item_52,S_19,nrelacionado,curto,509.8905348,correct
item_53,S_19,nrelacionado,curto,508.5753203,correct
item_54,S_19,nrelacionado,curto,678.8943718,correct
item_55,S_19,nrelacionado,curto,380.2352143,correct
item_56,S_19,nrelacionado,curto,655.9533672,correct
item_57,S_19,nrelacionado,curto,451.1213103,correct
item_58,S_19,nrelacionado,curto,518.9390631,correct
item_59,S_19,nrelacionado,curto,832.4533472,correct
item_60,S_19,nrelacionado,curto,565.5800462,correct
item_46,S_20,nrelacionado,curto,471.7797317,correct
item_47,S_20,nrelacionado,curto,332.9997984,correct
item_48,S_20,nrelacionado,curto,562.2702823,correct
item_49,S_20,nrelacionado,curto,449.9463229,correct
item_50,S_20,nrelacionado,curto,570.7285582,correct
item_51,S_20,nrelacionado,curto,503.897529,correct
item_52,S_20,nrelacionado,curto,394.9636946,correct
item_53,S_20,nrelacionado,curto,580.4092361,correct
item_54,S_20,nrelacionado,curto,623.3136409,correct
item_55,S_20,nrelacionado,curto,590.5385843,correct
item_56,S_20,nrelacionado,curto,598.5418817,correct
item_57,S_20,nrelacionado,curto,587.5012382,correct
item_58,S_20,nrelacionado,curto,649.2125245,correct
item_59,S_20,nrelacionado,curto,443.2986581,correct
item_60,S_20,nrelacionado,curto,487.9160798,correct
item_46,S_01,nrelacionado,longo,1020.827076,correct
item_47,S_01,nrelacionado,longo,811.2998734,correct
item_48,S_01,nrelacionado,longo,747.8676169,correct
item_49,S_01,nrelacionado,longo,536.1085297,correct
item_50,S_01,nrelacionado,longo,567.7848718,correct
item_51,S_01,nrelacionado,longo,686.0297977,correct
item_52,S_01,nrelacionado,longo,673.058066,correct
item_53,S_01,nrelacionado,longo,552.7645344,correct
item_54,S_01,nrelacionado,longo,581.4516211,correct
item_55,S_01,nrelacionado,longo,758.9310606,correct
item_56,S_01,nrelacionado,longo,820.9435321,correct
item_57,S_01,nrelacionado,longo,732.1064128,correct
item_58,S_01,nrelacionado,longo,565.083628,correct
item_59,S_01,nrelacionado,longo,622.2969681,correct
item_60,S_01,nrelacionado,longo,374.4862744,correct
item_46,S_02,nrelacionado,longo,649.3963077,correct
item_47,S_02,nrelacionado,longo,792.667544,correct
item_48,S_02,nrelacionado,longo,800.6745697,correct
item_49,S_02,nrelacionado,longo,637.0025563,correct
item_50,S_02,nrelacionado,longo,488.0454015,correct
item_51,S_02,nrelacionado,longo,737.2826341,correct
item_52,S_02,nrelacionado,longo,748.3344356,incorrect
item_53,S_02,nrelacionado,longo,638.1496244,correct
item_54,S_02,nrelacionado,longo,803.9827004,correct
item_55,S_02,nrelacionado,longo,657.16491,correct
item_56,S_02,nrelacionado,longo,779.0857509,correct
item_57,S_02,nrelacionado,longo,700.7321439,correct
item_58,S_02,nrelacionado,longo,984.133741,correct
item_59,S_02,nrelacionado,longo,644.7813983,correct
item_60,S_02,nrelacionado,longo,654.3772892,correct
item_46,S_03,nrelacionado,longo,608.5262298,correct
item_47,S_03,nrelacionado,longo,645.2774741,correct
item_48,S_03,nrelacionado,longo,770.7830026,correct
item_49,S_03,nrelacionado,longo,746.5026092,correct
item_50,S_03,nrelacionado,longo,659.2722306,correct
item_51,S_03,nrelacionado,longo,871.3469802,correct
item_52,S_03,nrelacionado,longo,634.0867825,correct
item_53,S_03,nrelacionado,longo,806.0009926,correct
item_54,S_03,nrelacionado,longo,641.9031269,correct
item_55,S_03,nrelacionado,longo,615.065282,correct
item_56,S_03,nrelacionado,longo,458.5098908,correct
item_57,S_03,nrelacionado,longo,914.4765144,correct
item_58,S_03,nrelacionado,longo,651.5408961,correct
item_59,S_03,nrelacionado,longo,692.7001202,correct
item_60,S_03,nrelacionado,longo,735.5864992,correct
item_46,S_04,nrelacionado,longo,770.0256219,correct
item_47,S_04,nrelacionado,longo,791.814731,correct
item_48,S_04,nrelacionado,longo,904.8237551,incorrect
item_49,S_04,nrelacionado,longo,1064.343288,correct
item_50,S_04,nrelacionado,longo,748.6914658,correct
item_51,S_04,nrelacionado,longo,754.2040118,correct
item_52,S_04,nrelacionado,longo,930.8143951,correct
item_53,S_04,nrelacionado,longo,728.1374056,correct
item_54,S_04,nrelacionado,longo,708.9003725,correct
item_55,S_04,nrelacionado,longo,974.6541717,correct
item_56,S_04,nrelacionado,longo,824.7621266,correct
item_57,S_04,nrelacionado,longo,784.4073117,correct
item_58,S_04,nrelacionado,longo,936.2558237,correct
item_59,S_04,nrelacionado,longo,2022.084672,correct
item_60,S_04,nrelacionado,longo,602.2278416,correct
item_46,S_05,nrelacionado,longo,913.125667,correct
item_47,S_05,nrelacionado,longo,901.9975603,correct
item_48,S_05,nrelacionado,longo,709.7813995,correct
item_49,S_05,nrelacionado,longo,822.4628741,correct
item_50,S_05,nrelacionado,longo,839.1881312,correct
item_51,S_05,nrelacionado,longo,803.8894737,correct
item_52,S_05,nrelacionado,longo,675.8153817,correct
item_53,S_05,nrelacionado,longo,737.8370116,correct
item_54,S_05,nrelacionado,longo,701.6375549,correct
item_55,S_05,nrelacionado,longo,802.2712447,correct
item_56,S_05,nrelacionado,longo,676.252835,correct
item_57,S_05,nrelacionado,longo,1031.113232,correct
item_58,S_05,nrelacionado,longo,915.6629324,correct
item_59,S_05,nrelacionado,longo,691.3116768,correct
item_60,S_05,nrelacionado,longo,865.5518345,correct
item_31,S_06,nrelacionado,longo,704.4786092,correct
item_32,S_06,nrelacionado,longo,718.2314112,correct
item_33,S_06,nrelacionado,longo,656.8552802,correct
item_34,S_06,nrelacionado,longo,709.9946962,correct
item_35,S_06,nrelacionado,longo,953.2840076,correct
item_36,S_06,nrelacionado,longo,807.4095568,correct
item_37,S_06,nrelacionado,longo,720.9608361,correct
item_38,S_06,nrelacionado,longo,766.6709419,correct
item_39,S_06,nrelacionado,longo,658.0062555,correct
item_40,S_06,nrelacionado,longo,647.4770064,correct
item_41,S_06,nrelacionado,longo,415.1531477,incorrect
item_42,S_06,nrelacionado,longo,788.2825133,incorrect
item_43,S_06,nrelacionado,longo,680.8071991,correct
item_44,S_06,nrelacionado,longo,560.5381059,correct
item_45,S_06,nrelacionado,longo,663.5550265,correct
item_31,S_07,nrelacionado,longo,631.1689435,correct
item_32,S_07,nrelacionado,longo,687.8231257,incorrect
item_33,S_07,nrelacionado,longo,1115.134958,correct
item_34,S_07,nrelacionado,longo,642.1819787,correct
item_35,S_07,nrelacionado,longo,702.5549044,correct
item_36,S_07,nrelacionado,longo,890.8044621,correct
item_37,S_07,nrelacionado,longo,701.3616235,correct
item_38,S_07,nrelacionado,longo,863.6256402,correct
item_39,S_07,nrelacionado,longo,747.6925854,correct
item_40,S_07,nrelacionado,longo,849.5664564,correct
item_41,S_07,nrelacionado,longo,845.9893485,correct
item_42,S_07,nrelacionado,longo,681.0337489,correct
item_43,S_07,nrelacionado,longo,937.6646714,correct
item_44,S_07,nrelacionado,longo,834.0644883,correct
item_45,S_07,nrelacionado,longo,749.0363766,correct
item_31,S_08,nrelacionado,longo,982.240861,correct
item_32,S_08,nrelacionado,longo,756.1667092,correct
item_33,S_08,nrelacionado,longo,893.9166112,correct
item_34,S_08,nrelacionado,longo,660.1952312,correct
item_35,S_08,nrelacionado,longo,801.9749121,correct
item_36,S_08,nrelacionado,longo,880.0317374,correct
item_37,S_08,nrelacionado,longo,770.9460739,correct
item_38,S_08,nrelacionado,longo,698.9768182,correct
item_39,S_08,nrelacionado,longo,620.8714594,correct
item_40,S_08,nrelacionado,longo,913.4608577,correct
item_41,S_08,nrelacionado,longo,653.7838338,correct
item_42,S_08,nrelacionado,longo,561.8927055,correct
item_43,S_08,nrelacionado,longo,754.998956,correct
item_44,S_08,nrelacionado,longo,814.2211588,correct
item_45,S_08,nrelacionado,longo,727.0196774,correct
item_31,S_09,nrelacionado,longo,536.9381283,correct
item_32,S_09,nrelacionado,longo,745.1467915,correct
item_33,S_09,nrelacionado,longo,873.2582102,correct
item_34,S_09,nrelacionado,longo,653.5486381,correct
item_35,S_09,nrelacionado,longo,772.7323855,incorrect
item_36,S_09,nrelacionado,longo,863.0681826,correct
item_37,S_09,nrelacionado,longo,721.60791,correct
item_38,S_09,nrelacionado,longo,755.7581977,correct
item_39,S_09,nrelacionado,longo,764.9420933,correct
item_40,S_09,nrelacionado,longo,133.7729082,correct
item_41,S_09,nrelacionado,longo,681.7784165,correct
item_42,S_09,nrelacionado,longo,893.1085104,correct
item_43,S_09,nrelacionado,longo,675.6899106,correct
item_44,S_09,nrelacionado,longo,648.7319024,correct
item_45,S_09,nrelacionado,longo,914.0597226,correct
item_31,S_10,nrelacionado,longo,693.2931301,correct
item_32,S_10,nrelacionado,longo,905.5781191,correct
item_33,S_10,nrelacionado,longo,802.7242113,correct
item_34,S_10,nrelacionado,longo,945.5541291,correct
item_35,S_10,nrelacionado,longo,720.261785,correct
item_36,S_10,nrelacionado,longo,801.7767305,correct
item_37,S_10,nrelacionado,longo,774.7491209,correct
item_38,S_10,nrelacionado,longo,677.3765799,correct
item_39,S_10,nrelacionado,longo,811.1325714,correct
item_40,S_10,nrelacionado,longo,766.3603192,correct
item_41,S_10,nrelacionado,longo,771.3382746,correct
item_42,S_10,nrelacionado,longo,741.1759417,correct
item_43,S_10,nrelacionado,longo,860.0682434,correct
item_44,S_10,nrelacionado,longo,775.0196683,correct
item_45,S_10,nrelacionado,longo,829.5374508,correct
item_16,S_11,nrelacionado,longo,749.0487867,correct
item_17,S_11,nrelacionado,longo,721.9628257,correct
item_18,S_11,nrelacionado,longo,916.5386377,correct
item_19,S_11,nrelacionado,longo,765.4749175,correct
item_20,S_11,nrelacionado,longo,627.44508,correct
item_21,S_11,nrelacionado,longo,853.1995144,correct
item_22,S_11,nrelacionado,longo,742.1852155,correct
item_23,S_11,nrelacionado,longo,704.8859564,correct
item_24,S_11,nrelacionado,longo,710.44502,correct
item_25,S_11,nrelacionado,longo,739.3149438,correct
item_26,S_11,nrelacionado,longo,893.8548991,correct
item_27,S_11,nrelacionado,longo,894.7880582,correct
item_28,S_11,nrelacionado,longo,803.4614861,correct
item_29,S_11,nrelacionado,longo,775.9650967,correct
item_30,S_11,nrelacionado,longo,916.3917186,correct
item_16,S_12,nrelacionado,longo,804.8206319,correct
item_17,S_12,nrelacionado,longo,756.8416735,correct
item_18,S_12,nrelacionado,longo,661.5324133,correct
item_19,S_12,nrelacionado,longo,827.1509544,correct
item_20,S_12,nrelacionado,longo,872.8534463,correct
item_21,S_12,nrelacionado,longo,670.8923573,incorrect
item_22,S_12,nrelacionado,longo,808.6654086,correct
item_23,S_12,nrelacionado,longo,854.8987856,correct
item_24,S_12,nrelacionado,longo,887.158873,correct
item_25,S_12,nrelacionado,longo,633.667862,correct
item_26,S_12,nrelacionado,longo,883.1852627,correct
item_27,S_12,nrelacionado,longo,995.775679,correct
item_28,S_12,nrelacionado,longo,717.6179377,correct
item_29,S_12,nrelacionado,longo,702.1621756,correct
item_30,S_12,nrelacionado,longo,1924.207483,correct
item_16,S_13,nrelacionado,longo,736.3055993,correct
item_17,S_13,nrelacionado,longo,842.2715136,correct
item_18,S_13,nrelacionado,longo,670.553971,correct
item_19,S_13,nrelacionado,longo,807.0604439,correct
item_20,S_13,nrelacionado,longo,846.1039866,correct
item_21,S_13,nrelacionado,longo,605.7405753,correct
item_22,S_13,nrelacionado,longo,769.6011563,correct
item_23,S_13,nrelacionado,longo,684.0894284,correct
item_24,S_13,nrelacionado,longo,769.1096571,correct
item_25,S_13,nrelacionado,longo,725.8620912,correct
item_26,S_13,nrelacionado,longo,741.3807305,correct
item_27,S_13,nrelacionado,longo,918.3901456,correct
item_28,S_13,nrelacionado,longo,764.7657414,correct
item_29,S_13,nrelacionado,longo,806.5757205,correct
item_30,S_13,nrelacionado,longo,815.0427069,correct
item_16,S_14,nrelacionado,longo,623.8316025,correct
item_17,S_14,nrelacionado,longo,808.1314054,correct
item_18,S_14,nrelacionado,longo,915.0130591,correct
item_19,S_14,nrelacionado,longo,626.0540395,correct
item_20,S_14,nrelacionado,longo,727.9936996,correct
item_21,S_14,nrelacionado,longo,685.8255177,correct
item_22,S_14,nrelacionado,longo,742.5671488,correct
item_23,S_14,nrelacionado,longo,883.4193055,correct
item_24,S_14,nrelacionado,longo,979.1194517,correct
item_25,S_14,nrelacionado,longo,958.6771556,correct
item_26,S_14,nrelacionado,longo,832.6765794,correct
item_27,S_14,nrelacionado,longo,1032.40648,correct
item_28,S_14,nrelacionado,longo,853.3991894,correct
item_29,S_14,nrelacionado,longo,823.7919663,correct
item_30,S_14,nrelacionado,longo,931.377894,correct
item_16,S_15,nrelacionado,longo,471.322038,correct
item_17,S_15,nrelacionado,longo,693.9009684,correct
item_18,S_15,nrelacionado,longo,741.349925,correct
item_19,S_15,nrelacionado,longo,621.7600434,correct
item_20,S_15,nrelacionado,longo,589.0558151,correct
item_21,S_15,nrelacionado,longo,760.9382424,correct
item_22,S_15,nrelacionado,longo,679.9535238,correct
item_23,S_15,nrelacionado,longo,743.1133855,correct
item_24,S_15,nrelacionado,longo,840.0944441,correct
item_25,S_15,nrelacionado,longo,831.690858,correct
item_26,S_15,nrelacionado,longo,767.7305867,correct
item_27,S_15,nrelacionado,longo,761.1158283,correct
item_28,S_15,nrelacionado,longo,892.6658006,correct
item_29,S_15,nrelacionado,longo,780.5545114,correct
item_30,S_15,nrelacionado,longo,781.8420912,correct
item_01,S_16,nrelacionado,longo,402.4254424,correct
item_02,S_16,nrelacionado,longo,734.165889,correct
item_03,S_16,nrelacionado,longo,475.8723449,correct
item_04,S_16,nrelacionado,longo,627.680723,correct
item_05,S_16,nrelacionado,longo,605.7404746,correct
item_06,S_16,nrelacionado,longo,650.8258091,correct
item_07,S_16,nrelacionado,longo,261.9868937,correct
item_08,S_16,nrelacionado,longo,446.4882547,correct
item_09,S_16,nrelacionado,longo,683.9614699,correct
item_10,S_16,nrelacionado,longo,405.7911943,correct
item_11,S_16,nrelacionado,longo,399.2662681,correct
item_12,S_16,nrelacionado,longo,490.7712108,correct
item_13,S_16,nrelacionado,longo,581.7512656,correct
item_14,S_16,nrelacionado,longo,683.140946,correct
item_15,S_16,nrelacionado,longo,524.3227979,correct
item_01,S_17,nrelacionado,longo,736.3136863,correct
item_02,S_17,nrelacionado,longo,590.8593018,correct
item_03,S_17,nrelacionado,longo,713.9151314,correct
item_04,S_17,nrelacionado,longo,546.9838438,correct
item_05,S_17,nrelacionado,longo,692.8409363,correct
item_06,S_17,nrelacionado,longo,589.2671541,correct
item_07,S_17,nrelacionado,longo,562.9495209,correct
item_08,S_17,nrelacionado,longo,636.4191908,correct
item_09,S_17,nrelacionado,longo,736.8635257,correct
item_10,S_17,nrelacionado,longo,816.4441823,correct
item_11,S_17,nrelacionado,longo,744.5507283,correct
item_12,S_17,nrelacionado,longo,556.6107147,correct
item_13,S_17,nrelacionado,longo,626.2206755,correct
item_14,S_17,nrelacionado,longo,684.1678986,correct
item_15,S_17,nrelacionado,longo,508.8348004,correct
item_01,S_18,nrelacionado,longo,557.8589987,correct
item_02,S_18,nrelacionado,longo,732.414598,correct
item_03,S_18,nrelacionado,longo,843.7586924,correct
item_04,S_18,nrelacionado,longo,657.9332478,correct
item_05,S_18,nrelacionado,longo,585.8582468,correct
item_06,S_18,nrelacionado,longo,591.0638839,correct
item_07,S_18,nrelacionado,longo,637.0694952,correct
item_08,S_18,nrelacionado,longo,527.3420698,correct
item_09,S_18,nrelacionado,longo,474.460197,correct
item_10,S_18,nrelacionado,longo,745.0116219,correct
item_11,S_18,nrelacionado,longo,777.8664296,correct
item_12,S_18,nrelacionado,longo,813.2777257,correct
item_13,S_18,nrelacionado,longo,577.3642079,correct
item_14,S_18,nrelacionado,longo,469.4875655,correct
item_15,S_18,nrelacionado,longo,703.7345678,correct
item_01,S_19,nrelacionado,longo,500.7321999,correct
item_02,S_19,nrelacionado,longo,624.805786,correct
item_03,S_19,nrelacionado,longo,688.1453624,correct
item_04,S_19,nrelacionado,longo,429.0988285,correct
item_05,S_19,nrelacionado,longo,705.4682589,correct
item_06,S_19,nrelacionado,longo,527.3763274,correct
item_07,S_19,nrelacionado,longo,537.0285336,correct
item_08,S_19,nrelacionado,longo,645.4836016,correct
item_09,S_19,nrelacionado,longo,571.6326581,correct
item_10,S_19,nrelacionado,longo,716.8891599,correct
item_11,S_19,nrelacionado,longo,423.9270108,correct
item_12,S_19,nrelacionado,longo,552.5389034,correct
item_13,S_19,nrelacionado,longo,553.3037475,correct
item_14,S_19,nrelacionado,longo,536.7501631,correct
item_15,S_19,nrelacionado,longo,566.889613,correct
item_01,S_20,nrelacionado,longo,639.8916908,correct
item_02,S_20,nrelacionado,longo,635.3810867,correct
item_03,S_20,nrelacionado,longo,588.1986752,correct
item_04,S_20,nrelacionado,longo,568.2014848,correct
item_05,S_20,nrelacionado,longo,585.0628264,correct
item_06,S_20,nrelacionado,longo,646.4054115,correct
item_07,S_20,nrelacionado,longo,566.3931111,correct
item_08,S_20,nrelacionado,longo,721.1958899,correct
item_09,S_20,nrelacionado,longo,595.3466157,correct
item_10,S_20,nrelacionado,longo,700.0604962,correct
item_11,S_20,nrelacionado,longo,574.2880256,correct
item_12,S_20,nrelacionado,longo,709.6409321,correct
item_13,S_20,nrelacionado,longo,512.108503,correct
item_14,S_20,nrelacionado,longo,499.047867,correct
item_15,S_20,nrelacionado,longo,581.4248732,correct
